{
	"format_version": "1.8.0",
	"animations": {
		"animation.lava_crawler.idle": {
			"loop": true,
			"animation_length": 1.5,
			"bones": {
				"head": {
					"rotation": {
						"0.0": [0, 0, 0],
						"0.75": [12.5, 0, 0],
						"1.5": [0, 0, 0]
					}
				},
				"teeth1": {
					"rotation": {
						"0.0": [0, 0, 0],
						"0.75": [-18.07779, -14.2906, 4.60659],
						"1.5": [0, 0, 0]
					}
				},
				"teeth2": {
					"rotation": {
						"0.0": [0, 0, 0],
						"0.75": [-18.07779, 14.2906, -4.60659],
						"1.5": [0, 0, 0]
					}
				},
				"teeth3": {
					"rotation": {
						"0.0": [0, 0, 0],
						"0.75": [18.07779, 14.2906, 4.60659],
						"1.5": [0, 0, 0]
					}
				},
				"teeth4": {
					"rotation": {
						"0.0": [0, 0, 0],
						"0.75": [18.29388, -16.66577, -5.41615],
						"1.5": [0, 0, 0]
					}
				},
				"neck": {
					"rotation": {
						"0.0": [0, 0, 0],
						"0.75": [-10, 0, 0],
						"1.5": [0, 0, 0]
					}
				}
			}
		},
		"animation.lava_crawler.movement": {
			"loop": true,
			"animation_length": 2.45833,
			"bones": {
				"segment2": {
					"rotation": {
						"0.0": [0, 0, 0],
						"0.2917": [0, 12.5, 0],
						"1.2083": [0, 0, 0],
						"1.625": [0, 0, 0]
					}
				},
				"segment3": {
					"rotation": {
						"0.125": [0, 0, 0],
						"0.4583": [0, -10, 0],
						"1.375": [0, 10, 0],
						"1.75": [0, 0, 0]
					}
				},
				"segment4": {
					"rotation": {
						"0.2917": [0, 0, 0],
						"0.625": [0, -17.5, 0],
						"1.625": [0, 17.5, 0],
						"1.9583": [0, 0, 0]
					}
				},
				"segment5": {
					"rotation": {
						"0.4583": [0, 0, 0],
						"0.7917": [0, 12.5, 0],
						"1.7917": [0, -12.5, 0],
						"2.125": [0, 0, 0]
					}
				},
				"segment6": {
					"rotation": {
						"0.625": [0, 0, 0],
						"0.9583": [0, 17.5, 0],
						"1.9583": [0, -17.5, 0],
						"2.2917": [0, 0, 0]
					}
				},
				"segment7": {
					"rotation": {
						"0.7917": [0, 0, 0],
						"1.125": [0, 15, 0],
						"2.125": [0, -15, 0],
						"2.4583": [0, 0, 0]
					}
				},
				"neck": {
					"rotation": {
						"0.0": [0, 0, 0],
						"0.1667": [10, 0, 0],
						"0.5833": [0, 0, 0],
						"0.75": [10, 0, 0],
						"1.1667": [0, 0, 0],
						"1.3333": [10, 0, 0],
						"1.7917": [0, 0, 0],
						"1.9583": [10, 0, 0],
						"2.4583": [0, 0, 0]
					}
				}
			}
		},
		"animation.lava_crawler.attack_melee": {
			"animation_length": 0.41667,
			"bones": {
				"head": {
					"rotation": {
						"0.0833": [0, 0, 0],
						"0.1667": [-55, 0, 0],
						"0.4167": [0, 0, 0]
					}
				},
				"teeth1": {
					"rotation": {
						"0.0": [0, 0, 0],
						"0.1667": [-18.54835, -19.03771, 6.24605],
						"0.4167": [0, 0, 0]
					}
				},
				"teeth2": {
					"rotation": {
						"0.0": [0, 0, 0],
						"0.1667": [-17.89807, 11.91276, -3.81397],
						"0.4167": [0, 0, 0]
					}
				},
				"teeth3": {
					"rotation": {
						"0.0": [0, 0, 0],
						"0.1667": [18.54835, 19.03771, 6.24605],
						"0.4167": [0, 0, 0]
					}
				},
				"teeth4": {
					"rotation": {
						"0.0": [0, 0, 0],
						"0.1667": [18.54835, -19.03771, -6.24605],
						"0.4167": [0, 0, 0]
					}
				},
				"neck": {
					"rotation": {
						"0.0": [0, 0, 0],
						"0.1667": [55, 0, 0],
						"0.4167": [0, 0, 0]
					}
				}
			},
			"sound_effects": {}
		},
		"animation.lava_crawler.attack_ranged": {
			"animation_length": 1,
			"bones": {
				"neck": {
					"rotation": {
						"0.0": [0, 0, 0],
						"0.125": [45, 0, 0],
						"0.1667": [42.5, 0, 0],
						"0.2083": [45, 0, 0],
						"0.25": [42.5, 0, 0],
						"0.2917": [45, 0, 0],
						"0.3333": [42.5, 0, 0],
						"0.375": [45, 0, 0],
						"0.4167": [42.5, 0, 0],
						"0.4583": [45, 0, 0],
						"0.5": [42.5, 0, 0],
						"0.5417": [45, 0, 0],
						"0.5833": [42.5, 0, 0],
						"0.625": [45, 0, 0],
						"1.0": [0, 0, 0]
					}
				},
				"head": {
					"rotation": {
						"0.0": [0, 0, 0],
						"0.125": [-47.5, 0, 0],
						"1.0": [0, 0, 0]
					}
				},
				"teeth1": {
					"rotation": {
						"0.0": [0, 0, 0],
						"0.0833": [-15, -17.5, 0],
						"0.1667": [-5, -10, 0],
						"0.25": [-15, -17.5, 0],
						"0.3333": [-5, -10, 0],
						"0.4167": [-15, -17.5, 0],
						"0.5": [-5, -10, 0],
						"0.5833": [-15, -17.5, 0],
						"0.6667": [-5, -10, 0],
						"1.0": [0, 0, 0]
					}
				},
				"teeth2": {
					"rotation": {
						"0.0": [0, 0, 0],
						"0.0833": [-17.5, 15, 0],
						"0.1667": [-5, 5, 0],
						"0.25": [-17.5, 15, 0],
						"0.3333": [-5, 5, 0],
						"0.4167": [-17.5, 15, 0],
						"0.5": [-5, 5, 0],
						"0.5833": [-17.5, 15, 0],
						"0.6667": [-5, 5, 0],
						"1.0": [0, 0, 0]
					}
				},
				"teeth3": {
					"rotation": {
						"0.0": [0, 0, 0],
						"0.0833": [17.5, 15, 0],
						"0.1667": [10, 5, 0],
						"0.25": [17.5, 15, 0],
						"0.3333": [10, 5, 0],
						"0.4167": [17.5, 15, 0],
						"0.5": [10, 5, 0],
						"0.5833": [17.5, 15, 0],
						"0.6667": [10, 5, 0],
						"1.0": [0, 0, 0]
					}
				},
				"teeth4": {
					"rotation": {
						"0.0": [0, 0, 0],
						"0.0833": [17.5, -15, 0],
						"0.1667": [10, -5, 0],
						"0.25": [17.5, -15, 0],
						"0.3333": [10, -5, 0],
						"0.4167": [17.5, -15, 0],
						"0.5": [10, -5, 0],
						"0.5833": [17.5, -15, 0],
						"0.6667": [10, -5, 0],
						"1.0": [0, 0, 0]
					}
				}
			}
		}
	}
}